total_tested,total_cases,total_deaths,total_recovered,newly_tested,new_cases,new_deaths,newly_recovered,days_since_first_confirmed_cases,final_date
111,3,0,0,0,0,0,0,0,2020-03-08
142,3,0,2,31,0,0,2,3,2020-03-11
163,3,0,2,21,0,0,0,4,2020-03-12
187,3,0,2,24,0,0,0,5,2020-03-13
211,5,0,3,24,2,0,1,6,2020-03-14
231,5,0,3,20,0,0,0,7,2020-03-15
241,8,0,3,10,3,0,0,8,2020-03-16
277,10,0,3,36,2,0,0,9,2020-03-17
351,14,1,3,10,4,1,1,10,2020-03-18
397,17,1,3,46,3,0,0,11,2020-03-19
433,20,1,3,36,3,0,0,12,2020-03-20
433,24,2,3,36,4,1,2,13,2020-03-21
564,27,2,5,27,3,0,0,14,2020-03-22
620,33,3,5,56,6,1,0,15,2020-03-23
712,39,4,5,92,6,1,0,16,2020-03-24
794,39,5,5,82,0,1,6,17,2020-03-25
920,44,5,11,126,5,0,0,18,2020-03-26
1026,48,5,11,106,4,0,0,19,2020-03-27
1076,48,5,15,47,0,0,4,20,2020-03-28
1,48,5,15,109,0,0,4,21,2020-03-29
1,49,5,19,153,1,0,4,22,2020-03-30
1,51,5,25,140,2,0,6,23,2020-03-31
1,54,6,26,157,1,1,1,24,2020-04-01
1,56,6,26,141,2,0,0,25,2020-04-02
2,61,6,26,203,5,0,0,26,2020-04-03
2,70,8,30,434,9,2,4,27,2020-04-04
2,88,9,33,367,18,1,3,28,2020-04-05
3,164,17,33,468,41,5,0,29,2020-04-06
4,164,17,33,792,41,5,0,30,2020-04-07
5,218,20,33,981,54,3,0,31,2020-04-08
6,330,21,33,905,112,1,0,32,2020-04-09
7,424,27,33,1184,94,6,0,33,2020-04-10
8313,482,30,36,954,58,3,3,34,2020-04-11
9,621,34,39,1340,139,4,3,35,2020-04-12
11,803,39,42,1570,182,5,3,36,2020-04-13
13128,1012,46,42,1905,209,7,0,37,2020-04-14
14868,1231,50,49,1740,219,4,7,38,2020-04-15
17003,1572,60,49,2135,341,10,0,39,2020-04-16
19193,1838,75,58,2190,266,15,9,40,2020-04-17
21307,2144,84,66,2114,306,9,8,41,2020-04-18
23941,2456,91,75,2634,312,7,9,42,2020-04-19
26604,2948,101,85,2779,492,10,10,43,2020-04-20
29578,3382,110,87,2974,434,9,2,44,2020-04-21
32630,3772,120,92,3043,390,10,5,45,2020-04-22
36090,4186,127,108,3460,414,7,16,46,2020-04-23
39476,4689,131,112,3386,503,4,4,47,2020-04-24
43113,4998,140,113,3637,309,9,1,48,2020-04-25
46589,5416,145,122,3476,418,5,9,49,2020-04-26
50401,5913,152,131,3812,497,7,9,50,2020-04-27
54733,6462,155,139,4332,549,3,8,51,2020-04-28
59701,7103,163,150,4968,641,8,11,52,2020-04-29
64666,7667,168,160,4965,564,5,10,53,2020-04-30
70239,8238,170,174,5573,571,2,14,54,2020-05-01
76066,8790,175,177,5827,552,5,3,55,2020-05-02
81434,9455,177,1063,5368,665,2,886,56,2020-05-03
87694,10143,182,1209,6260,688,5,146,57,2020-05-04
93405,10929,183,1403,5711,786,1,194,58,2020-05-05
99646,11719,186,1403,6241,790,3,0,59,2020-05-06
105513,12425,199,1910,5867,706,13,507,60,2020-05-07
111454,13134,206,2101,5941,709,7,191,61,2020-05-08
116919,13770,214,2414,5518,636,8,313,62,2020-05-09
122657,14657,228,2650,5738,887,14,236,63,2020-05-10
129865,15691,239,2902,7208,1034,11,252,64,2020-05-11
136638,16660,250,3147,6773,969,11,245,65,2020-05-12
144538,17822,269,3361,7900,1162,19,214,66,2020-05-13
151930,18863,283,3603,7392,1041,14,242,67,2020-05-14
160512,20065,298,3882,8582,1202,15,279,68,2020-05-15
167114,20995,314,4117,6602,930,16,235,69,2020-05-16
175228,22268,328,4373,8114,1273,14,256,70,2020-05-17
185086,23870,349,4585,9858,1602,21,212,71,2020-05-18
193645,25121,370,4993,8559,1251,21,408,72,2020-05-19
203852,26738,386,5207,10207,1617,16,214,73,2020-05-20
214114,28511,408,5602,10262,1773,22,395,74,2020-05-21
223841,30205,432,6190,9727,1694,24,588,75,2020-05-22
234675,32078,452,6486,10834,1873,20,296,76,2020-05-23
243583,33610,480,6901,8908,1532,28,415,77,2020-05-24
253034,35585,501,7334,9451,1975,21,433,78,2020-05-25
258550,36751,522,7579,5516,1166,21,245,79,2020-05-26
266456,38292,544,7925,7906,1541,22,346,80,2020-05-27
275776,40321,559,8425,9320,2029,15,500,81,2020-05-28
287067,42844,582,9015,11291,2523,23,590,82,2020-05-29
297054,44608,610,9375,9987,1764,28,360,83,2020-05-30
308930,47153,650,9781,11876,2545,40,406,84,2020-05-31
320969,49534,672,10597,12039,2381,22,816,85,2020-06-01
333073,52445,709,11120,12104,2911,37,523,86,2020-06-02
345583,55140,746,11590,12510,2695,37,470,87,2020-06-03
358277,57563,781,12161,12694,2423,35,571,88,2020-06-04
372365,60391,811,12804,14088,2828,30,643,89,2020-06-05
384851,63026,846,13325,12486,2635,35,521,90,2020-06-06
397987,65769,888,13903,13136,2743,42,578,91,2020-06-07
410841,68504,930,14560,12854,2735,42,657,92,2020-06-08
425595,71675,975,15337,14754,3171,45,777,93,2020-06-09
441560,74865,1012,15900,15965,3190,37,563,94,2020-06-10
457332,78052,1049,16747,15772,3187,37,847,95,2020-06-11
473322,81523,1095,17249,15990,3471,46,502,96,2020-06-12
489960,84379,1139,17827,16638,2856,44,578,97,2020-06-13
501465,87520,1171,18730,14505,3141,32,903,98,2020-06-14
516503,90619,1209,34027,15038,3099,38,15297,99,2020-06-15
533717,94481,1262,36264,17214,3862,53,2237,100,2020-06-16
551244,98489,1305,38189,17527,4008,43,1925,101,2020-06-17
567503,102292,1343,40164,16259,3803,38,1975,102,2020-06-18
582548,105535,1388,42945,15045,3243,45,2781,103,2020-06-19
596579,108775,1425,43993,14031,3240,37,1048,104,2020-06-20
612164,112306,1464,45077,15585,3531,39,1084,105,2020-06-21
627719,115786,1502,46755,15555,3480,38,1678,106,2020-06-22
644011,119198,1545,47635,16292,3412,43,880,107,2020-06-23
660444,122660,1582,49666,16433,3462,37,2031,108,2020-06-24
678443,126606,1621,51495,17999,3946,39,1829,109,2020-06-25
696941,130474,1661,53133,18498,3868,40,1638,110,2020-06-26
712098,133978,1695,54318,15157,3504,34,1185,111,2020-06-27
730197,137787,1738,55727,18099,3809,43,1409,112,2020-06-28
748034,141801,1783,57780,17837,4014,45,2053,113,2020-06-29
766460,145483,1847,59624,18426,3682,64,1844,114,2020-06-30
784335,149258,1888,62108,17875,3775,41,2484,115,2020-07-01
802697,153277,1926,66442,18362,4019,38,4334,116,2020-07-02
817347,156391,1968,68048,14650,3114,42,1606,117,2020-07-03
832074,159679,1997,70721,14727,3288,29,2673,118,2020-07-04
846062,162417,2052,72625,13988,2738,55,1904,119,2020-07-05
860307,165618,2096,76149,14245,3201,44,3524,120,2020-07-06
873480,168645,2151,78102,13173,3027,55,1953,121,2020-07-07
889152,172134,2197,80838,15672,3489,46,2736,122,2020-07-08
904784,175494,2238,84544,15632,3360,41,3706,123,2020-07-09
918272,178443,2275,86406,13488,2949,37,1862,124,2020-07-10
929465,181129,2305,88034,11193,2686,30,1628,125,2020-07-11
940524,183795,2352,93614,11059,2666,47,5580,126,2020-07-12
952947,186894,2391,98317,12423,3099,39,4703,127,2020-07-13
966400,190057,2424,103227,13453,3163,33,4910,128,2020-07-14
980402,193590,2457,105523,14002,3533,33,2296,129,2020-07-15
993291,196323,2496,106963,12889,2733,39,1440,130,2020-07-16
1009751,199357,2547,108725,13460,3034,51,1762,131,2020-07-17
1020674,202066,2581,110098,10923,2709,34,1373,132,2020-07-18
1031299,204525,2618,111642,10625,2549,37,1544,133,2020-07-19
1044661,207453,2668,113556,13362,2928,50,1914,134,2020-07-20
1054559,210510,2709,115399,12898,3057,39,1843,135,2020-07-21
1066609,213254,2751,117202,12050,2744,42,1803,136,2020-07-22
1079007,216110,2801,119208,12398,2856,50,2006,137,2020-07-23
1091034,218658,2836,120976,12027,2548,35,1768,138,2020-07-24
1101480,221178,2874,122090,10446,2520,38,1114,139,2020-07-25
1111558,223453,2928,123882,10078,2275,54,1792,140,2020-07-26
1124417,226225,2965,125683,12859,2772,37,1801,141,2020-07-27
1137131,229185,3000,127414,12714,2960,35,1731,142,2020-07-28
1151258,232194,3035,130292,14127,3009,35,2878,143,2020-07-29
1164195,234889,3083,132960,12937,2695,48,2668,144,2020-07-30
1176809,237661,3111,135136,12614,2772,28,2176,145,2020-07-31
1185611,239807,3132,136253,8802,2199,21,1117,146,2020-08-01
1189295,240746,3154,136839,3684,886,22,568,147,2020-08-02
1193544,242102,3184,137905,4249,1356,30,1066,148,2020-08-03
1201256,244020,3234,139860,7712,1918,50,1955,149,2020-08-04
1212416,246674,3267,141750,11160,2654,33,1890,150,2020-08-05
1225124,249651,3306,143824,12708,2977,39,2074,151,2020-08-06
1237823,252502,3333,145584,12699,2851,27,1760,152,2020-08-07
1249560,255113,3365,146604,11737,2611,32,1020,153,2020-08-08
1260319,257600,3399,148370,10759,2487,34,1766,154,2020-08-09
1273168,260507,3438,150437,12849,2907,39,2076,155,2020-08-10
1287988,263503,3471,151972,14820,2996,33,1535,156,2020-08-11
1302739,266498,3513,153089,14751,2995,42,1117,157,2020-08-12
1315901,269115,3557,154871,13162,2617,44,1782,158,2020-08-13
1328754,271881,3591,156623,12856,2766,34,1752,159,2020-08-14
1341645,274525,3625,157635,12891,2644,34,1012,160,2020-08-15
1351663,276549,3657,158950,10018,2024,32,1315,161,2020-08-16
1364186,279144,3694,158950,12523,2595,37,1641,162,2020-08-17
1378820,282344,3740,162825,14634,3200,46,3234,163,2020-08-18
1393498,285091,3781,165738,14678,2747,41,2913,164,2020-08-19
1407557,287959,3822,168991,14059,2868,41,3253,165,2020-08-20
1420500,290360,3861,172615,12943,2401,39,3624,166,2020-08-21
1431865,292625,3907,175567,11365,2265,46,2952,167,2020-08-22
1442666,294598,3941,179091,10801,1973,34,3524,168,2020-08-23
1456048,297083,3941,182875,13382,2485,42,3784,169,2020-08-24
1470201,299628,4028,186756,14153,2545,45,3881,170,2020-08-25
1485271,302147,4082,190183,15070,2519,54,3427,171,2020-08-26
1500395,304583,4127,193458,15124,2436,45,3275,172,2020-08-27
1514036,306794,4174,196836,13741,2211,47,3378,173,2020-08-28
1525825,308925,4206,198863,11689,2131,32,2027,174,2020-08-29
1537759,310822,4248,201907,11934,1897,42,3044,175,2020-08-30
1550213,312996,4281,204887,12454,2174,33,2980,176,2020-08-31
1562422,314946,4316,208117,12209,1950,35,3290,177,2020-09-01
1577624,317528,4351,211016,15204,2582,35,2839,178,2020-09-02
1592046,319686,4383,213980,14422,2298,32,2964,179,2020-09-03
1605119,321615,4412,216191,13073,1929,29,2211,180,2020-09-04
1617966,323565,4447,217852,12847,1950,35,1661,181,2020-09-05
1629320,325157,4479,221275,11354,1592,32,3423,182,2020-09-06
1644732,327359,4516,224573,15412,2202,37,3298,183,2020-09-07
1659705,329251,4552,227809,14973,1892,36,3236,184,2020-09-08
1674460,331078,4593,230804,14755,1827,41,2999,185,2020-09-09
1690011,332970,4634,233550,15559,1892,41,2746,186,2020-09-10
1704758,334762,4668,236024,14747,1792,34,2474,187,2020-09-11
1715481,336044,4702,238271,10723,1282,34,2247,188,2020-09-12
1728480,337520,4733,240643,12999,1476,31,2372,189,2020-09-13
1742696,339332,4759,243155,14216,1812,26,2512,190,2020-09-14
1756746,341056,4802,245594,14050,1724,43,2439,191,2020-09-15
1770106,342671,4823,247969,13360,1615,21,2375,192,2020-09-16
1783779,344264,4859,250412,13673,1593,36,2243,193,2020-09-17
1796509,345805,4881,252335,12730,1541,22,1923,194,2020-09-18
1809679,347372,4913,254386,13170,1567,32,2051,195,2020-09-19
1821270,348916,4939,256565,11591,1544,26,2079,196,2020-09-20
1834237,350621,4979,258717,12967,1705,40,2152,197,2020-09-21
1848401,352178,5007,260790,14164,1557,28,2073,198,2020-09-22
1862551,353844,5044,262953,14150,1666,37,2163,199,2020-09-23
1875451,355384,5072,265092,12900,1540,28,2139,200,2020-09-24
1887924,356767,5093,267024,12473,1383,21,1932,201,2020-09-25
1898689,357873,5129,268777,10765,1106,36,1753,202,2020-09-26
1909374,359148,5161,270491,10685,1275,32,1714,203,2020-09-27
1921296,360555,5193,272073,11922,1407,32,1582,204,2020-09-28
1934165,362043,5219,273698,12869,1488,26,1625,205,2020-09-29
1947569,363479,5251,275487,13404,1436,32,1789,206,2020-09-30
1958989,364987,5272,277078,11420,1508,21,1591,207,2020-10-01
1970165,366383,5305,278627,11176,1396,33,1549,208,2020-10-02
1979719,367565,5325,280069,9554,1182,20,1472,209,2020-10-03
1989066,368690,5348,281656,9859,1125,23,1587,210,2020-10-04
2001431,370132,5375,283182,11767,1442,27,1526,211,2020-10-05
2013776,371631,5405,284833,12345,1499,30,1651,212,2020-10-06
2026808,373151,5440,286631,13088,1520,35,1798,213,2020-10-07
2039413,374592,5460,288316,12605,1441,20,1685,214,2020-10-08
2050669,375870,5477,289912,11256,1278,17,1596,215,2020-10-09
2061528,377073,5500,291365,10859,1203,23,1453,216,2020-10-10
2070995,378266,5524,292860,9467,1193,24,1495,217,2020-10-11
2084222,379738,5555,294391,13227,1472,31,1531,218,2020-10-12
2094037,381275,5577,295873,13815,1537,22,1482,219,2020-10-13
2112448,382959,5593,297449,14411,1684,16,1576,220,2020-10-14
2126552,384559,5608,299229,14104,1600,15,1780,221,2020-10-15
2140109,386086,5623,300738,13577,1527,15,1509,222,2020-10-16
2151702,387295,5646,302298,11573,1209,23,1560,223,2020-10-17
2163568,388569,5660,303972,11866,1274,14,1674,224,2020-10-18
2178714,390206,5681,305599,15146,1637,21,1627,225,2020-10-19
2192325,391586,5699,307141,13611,1380,18,1542,226,2020-10-20
2206411,393131,5723,308845,14086,1545,24,1704,227,2020-10-21
2221369,394827,5747,310532,14958,1696,24,1687,228,2020-10-22
2235488,396413,5761,312065,14119,1586,14,1533,229,2020-10-23
2246486,397507,5780,313563,10998,1094,19,1498,230,2020-10-24
2258243,398815,5803,315107,11757,1308,23,1544,231,2020-10-25
2271347,400251,5818,316600,13758,1436,15,1493,232,2020-10-26
2283964,401586,5838,318123,12617,1335,20,1523,233,2020-10-27
2296321,403079,5861,319733,12357,1493,23,1610,234,2020-10-28
2310589,404760,5886,321281,14268,1681,25,1548,235,2020-10-29
2324730,406364,5905,322703,14141,1604,19,1422,236,2020-10-30
2336262,407684,5923,324145,11532,1320,18,1442,237,2020-10-31
2348811,409252,5941,325940,12549,1568,18,1795,238,2020-11-01
2361702,410988,5966,327901,12891,1736,25,1961,239,2020-11-02
2375760,412647,5983,329787,14061,1886,17,1886,240,2020-11-03
2389677,414164,6004,331697,13914,1517,21,1910,241,2020-11-04
2404902,416006,6021,333588,15225,1842,17,1891,242,2020-11-05
2417475,417475,6036,335027,13521,1469,15,1439,243,2020-11-06
2429842,418764,6049,336568,11419,1289,13,1541,244,2020-11-07
2442602,420238,6067,338145,12760,1474,18,1577,245,2020-11-08
2456644,421921,6092,339768,14042,1683,25,1623,246,2020-11-09
2470164,423620,6108,341416,13520,1699,16,1648,247,2020-11-10
2484688,425353,6127,343131,14524,1733,19,1715,248,2020-11-11
2501800,427198,6140,344868,17112,1845,13,1737,249,2020-11-12
2515339,428965,6159,346387,13539,1767,19,1519,250,2020-11-13
2527134,430496,6173,347489,11795,1531,14,1462,251,2020-11-14
2541194,432333,6194,349542,14060,1837,21,1693,252,2020-11-15
2556962,434472,6215,351146,15768,2139,21,1604,253,2020-11-16
2572952,436684,6254,352895,15990,2212,39,1749,254,2020-11-17
2589421,438795,6275,354788,16469,2111,21,1893,255,2020-11-18
2606952,441159,6305,356722,17531,2364,30,1934,256,2020-11-19
2622559,443434,6322,358431,15607,2275,17,1709,257,2020-11-20
2635202,445281,6350,360352,12643,1848,28,1921,258,2020-11-21
2649072,447341,6388,362428,13870,2060,38,2076,259,2020-11-22
2665131,449760,6416,364611,16059,2419,28,2183,260,2020-11-23
2680149,451990,6448,366877,15018,2230,32,2266,261,2020-11-24
2696150,454146,6487,369179,16001,2156,39,2302,262,2020-11-25
2713202,456438,6524,371453,17052,2292,37,2274,263,2020-11-26
2729580,458711,6544,373676,16378,2273,20,2223,264,2020-11-27
2743592,460619,6580,375885,14012,1908,36,2209,265,2020-11-28
2757329,462407,6609,378172,13737,1788,29,2287,266,2020-11-29
2772701,464932,6644,380711,13737,2525,35,2539,267,2020-11-30
2788202,467225,6675,383224,15501,2293,31,2513,268,2020-12-01
2804174,469420,6713,385786,15972,2198,38,2562,269,2020-12-02
2820981,471739,6748,388379,16807,2316,35,2593,270,2020-12-03
2836411,473991,6772,390951,15430,2252,24,2572,271,2020-12-04
2849951,475879,6807,393408,13540,1888,35,2457,272,2020-12-05
2863169,477545,6838,395960,13218,1666,31,2552,273,2020-12-06
2877538,479743,6874,398623,14369,2198,36,2663,274,2020-12-07
2894622,481945,6906,401194,17084,2202,32,2571,275,2020-12-08
2911664,484104,6930,405966,17042,2159,24,4772,276,2020-12-09
2927929,485965,6967,410452,16265,1861,37,4486,277,2020-12-10
2944252,487849,6986,414318,16323,1884,19,3866,278,2020-12-11
2956882,489178,7020,417503,12630,1329,34,3185,279,2020-12-12
2969630,490533,7052,420896,12748,1355,32,3393,280,2020-12-13
2986458,492332,7089,423845,16828,1799,37,2949,281,2020-12-14
3005512,494209,7129,426729,19054,1877,40,2884,282,2020-12-15
3022537,495841,7156,429351,17025,1632,27,2622,283,2020-12-16
3035728,496975,7192,431590,13191,1134,36,2239,284,2020-12-17
3050064,498293,7217,433614,14336,1318,25,2024,285,2020-12-18
3062364,499560,7242,435601,12300,1267,25,1987,286,2020-12-19
3075680,500713,7280,437527,13316,1153,38,1926,287,2020-12-20
3091349,502183,7312,439694,15669,1470,32,2167,288,2020-12-21
3106494,503501,7329,441929,15145,1318,17,2235,289,2020-12-22
3122426,504868,7359,444345,15932,1367,30,2416,290,2020-12-23
3135653,506102,7378,446690,13227,1234,19,2345,291,2020-12-24
3149348,507265,7398,448803,13695,1163,20,2113,292,2020-12-25
3159260,508099,7428,450488,9912,834,30,1685,293,2020-12-26
3171910,509148,7452,451961,12650,1049,24,1473,294,2020-12-27
3184527,510080,7479,453318,12617,932,27,1357,295,2020-12-28
3199115,511261,7509,454563,14588,1181,30,1245,296,2020-12-29
3214344,512496,7531,456070,15229,1235,22,1507,297,2020-12-30
3227598,513510,7559,457459,13254,1014,28,1389,298,2020-12-31
3239701,514500,7576,458656,12103,990,17,1197,299,2021-01-01
3249402,515184,7599,459620,9701,684,23,964,300,2021-01-02
3260327,516019,7626,460598,10925,835,27,978,301,2021-01-03
3272423,516929,7650,461515,12096,910,24,917,302,2021-01-04
3286885,517920,7670,462459,14462,991,20,944,303,2021-01-05
3302429,518898,7687,463480,15544,978,17,1021,304,2021-01-06
3317810,519905,7718,464446,15381,1007,31,966,305,2021-01-07
3331491,520690,7734,465279,13681,785,16,833,306,2021-01-08
3344399,521382,7756,466064,12908,692,22,785,307,2021-01-09
3357319,522453,7781,466801,12920,1071,25,737,308,2021-01-10
3371416,523302,7803,467718,14097,849,22,917,309,2021-01-11
3385779,524020,7819,468692,14363,718,16,974,310,2021-01-12
3401506,524910,7833,469522,15727,890,14,841,311,2021-01-13
3418114,525723,7849,470405,16608,813,16,883,312,2021-01-14
3431792,526485,7862,471123,13678,762,13,718,313,2021-01-15
3444007,527063,7883,471756,12215,578,21,633,314,2021-01-16
3457453,527632,7906,472437,13446,569,23,681,315,2021-01-17
3470160,528329,7922,473173,12707,697,29,736,316,2021-01-18
3485257,529031,7942,473855,15097,702,20,682,317,2021-01-19
3500667,529687,7950,474472,15410,656,8,617,318,2021-01-20
3515428,530271,7966,475074,14761,584,16,602,319,2021-01-21
3530274,530890,7981,475561,14846,619,15,487,320,2021-01-22
3541389,531326,8003,475899,11115,436,22,338,321,2021-01-23
3555558,531799,8023,476413,14169,473,20,514,322,2021-01-24
3570387,532401,8041,476979,14829,602,18,566,323,2021-01-25
3584788,532916,8055,477426,14401,515,14,447,324,2021-01-26
3600508,533444,8072,477935,15932,528,17,509,325,2021-01-27
3615338,533953,8087,478546,14830,509,15,611,326,2021-01-28
3627413,534407,8094,478960,12075,454,7,414,327,2021-01-29
3639497,534770,8111,479297,12084,363,17,336,328,2021-01-30
3651722,535139,8127,479744,12225,369,16,447,329,2021-01-31
3664197,535582,8137,480216,12475,443,10,472,330,2021-02-01
3678649,536107,8149,480728,14452,525,12,512,331,2021-02-02
3693634,536545,8162,481306,14985,438,13,578,332,2021-02-03
3708907,537030,8175,481917,15273,485,13,611,333,2021-02-04
3724473,537465,8182,482424,15566,435,7,507,334,2021-02-05
3736608,537770,8190,482841,12135,305,8,417,335,2021-02-06
3749012,538062,8205,483372,12404,292,15,417,336,2021-02-07
3762774,538378,8221,483931,13762,316,16,559,337,2021-02-08
3777242,538765,8229,484573,14468,387,8,642,338,2021-02-09
3792241,539153,8239,485290,14999,388,10,717,339,2021-02-10
3808017,539571,8248,485971,15776,418,9,681,340,2021-02-11
3822435,539975,8253,486393,14328,404,5,422,341,2021-02-12
3835216,540266,8266,486767,12871,291,13,374,342,2021-02-13
3848116,540592,8274,487229,12900,326,8,462,343,2021-02-14
3862254,541038,8285,487870,14138,446,11,641,344,2021-02-15
3877042,541434,8298,488621,14788,396,13,751,345,2021-02-16
3893654,541877,8314,489254,16612,443,16,633,346,2021-02-17
3908257,542268,8329,489932,14603,391,15,678,347,2021-02-18
3922489,542674,8337,490468,14232,536,8,536,348,2021-02-19
3933637,543024,8342,490892,11148,350,5,424,349,2021-02-20
3947673,543351,8349,491367,14036,475,7,475,350,2021-02-21
3958776,543717,8356,492059,11103,366,7,692,351,2021-02-22
3971524,544116,8374,492887,12748,399,18,828,352,2021-02-23
3987676,544544,8379,493798,16152,428,5,911,353,2021-02-24
4003236,544954,8384,494755,15560,410,5,957,354,2021-02-25
4018268,545424,8395,495498,15032,470,11,743,355,2021-02-26
4030616,545831,8400,496107,12348,407,5,609,356,2021-02-27
4044027,546216,8408,496924,13411,385,8,817,357,2021-02-28
4057597,546801,8416,497797,13570,585,8,873,358,2021-03-01
4072922,547316,8423,498691,15523,515,7,894,359,2021-03-02
4089336,547930,8428,499624,16458,614,5,936,360,2021-03-03
4105321,548549,8435,500468,15985,619,7,841,361,2021-03-04
4119031,549184,8441,501144,13710,635,6,676,362,2021-03-05
4132113,549724,8451,501966,13082,540,10,822,363,2021-03-06
4146205,550330,8462,503003,14092,606,11,1037,364,2021-03-07
4163163,551175,8476,504120,16958,845,14,1117,365,2021-03-08
4180938,552087,8489,505349,17775,912,13,1229,366,2021-03-09
4197970,553105,8496,506613,17032,1018,7,1264,367,2021-03-10
4216028,554156,8502,507920,18058,1051,6,1307,368,2021-03-11
4232139,555222,8515,509172,16111,1066,13,1252,369,2021-03-12
4248345,556236,8527,510310,16206,1014,12,1138,370,2021-03-13
4264551,557395,8545,511695,16206,1159,18,1385,371,2021-03-14
4283246,559168,8571,513127,18695,1773,26,1432,372,2021-03-15
4303994,560887,8597,514479,20748,1719,26,1352,373,2021-03-16
4328269,562752,8608,515989,24275,1865,11,1510,374,2021-03-17
4349194,564939,8624,517523,20925,2187,16,1534,375,2021-03-18
4368111,566838,8642,519141,18917,1899,18,1618,376,2021-03-19
4388011,568706,8668,520718,19900,1868,26,1577,377,2021-03-20
4409119,570878,8690,522405,21108,2172,22,1687,378,2021-03-21
4434230,573687,8720,524159,25111,2809,30,1754,379,2021-03-22
4460184,577241,8738,525994,25954,3554,18,1835,380,2021-03-23
4487686,580808,8763,527909,27502,3567,25,1915,381,2021-03-24
4514731,584395,8797,529894,27045,3587,34,1985,382,2021-03-25
4542030,588132,8830,531951,27299,3737,33,2057,383,2021-03-26
4566694,591806,8869,533922,24664,3674,39,1971,384,2021-03-27
4588830,595714,8904,535941,22136,3908,35,2019,385,2021-03-28
4617025,600895,8949,538018,28195,5181,45,2077,386,2021-03-29
4643645,605937,8994,540180,26620,5042,45,2162,387,2021-03-30
4670576,611295,9046,542399,26931,5358,52,2219,388,2021-03-31
4698774,617764,9105,544938,28198,6469,59,2539,389,2021-04-01
4728113,624594,9155,547411,29339,6830,50,2473,390,2021-04-02
4752661,630277,9213,549775,24548,5683,58,2364,391,2021-04-03
4783385,637364,9266,552482,30724,7087,53,2707,392,2021-04-04
4813624,644439,9318,555414,30239,7075,52,2932,393,2021-04-05
4847935,651652,9384,558383,34311,7213,66,2969,394,2021-04-06
4882565,659278,9447,561639,34630,7626,63,3256,395,2021-04-07
4915758,666132,9521,565030,33193,6854,74,3391,396,2021-04-08
4947412,673594,9584,568541,31654,7462,63,3511,397,2021-04-09
4973489,678937,9661,572378,26077,5343,77,3837,398,2021-04-10
5002865,684756,9739,576590,29376,5819,78,4212,399,2021-04-11
5037833,691957,9822,581113,34968,7201,83,4523,400,2021-04-12
5070788,697985,9891,585966,32955,6028,69,4853,401,2021-04-13
5095613,703170,9987,591299,24825,5185,96,5333,402,2021-04-14
5115572,707362,10081,597214,19959,4192,94,5915,403,2021-04-15
5134478,711779,10182,602908,18906,4417,101,5694,404,2021-04-16
5150663,715252,10283,608815,16185,3473,101,5907,405,2021-04-17
5170067,718950,10385,614936,19404,3698,102,6121,406,2021-04-18
5194219,723221,10497,621300,24152,4271,112,6364,407,2021-04-19
5221275,727780,10588,628111,27056,4559,91,6811,408,2021-04-20
5249683,732060,10683,635183,28408,4280,95,7072,409,2021-04-21
5277112,736074,10781,642449,27429,4014,98,7266,410,2021-04-22
5303008,739703,10869,647674,25896,3629,88,5225,411,2021-04-23
5323579,742400,10952,653151,20571,2697,83,5477,412,2021-04-24
5345501,745322,11053,657452,21922,2922,101,4301,413,2021-04-25
5371287,748628,11150,661693,25786,3306,97,4241,414,2021-04-26
5395524,751659,11288,666927,24237,3031,78,5234,415,2021-04-27
5423730,754614,11305,672319,28206,2955,77,5392,416,2021-04-28
5448658,756955,11393,677101,24928,2341,88,4782,417,2021-04-29
5469704,759132,11450,681426,21046,2177,57,4325,418,2021-04-30
5484821,760584,11510,684671,15117,1452,60,3245,419,2021-05-01
5498979,761943,11579,687328,14158,1359,69,2657,420,2021-05-02
5518410,763682,11644,691162,19431,1739,65,3834,421,2021-05-03
5540394,765596,11705,695032,21984,1914,61,3870,422,2021-05-04
5560678,767338,11755,698465,20284,1742,50,3433,423,2021-05-05
5582263,769160,11796,702163,21585,1822,41,3698,424,2021-05-06
5599276,770842,11833,704341,17013,1682,37,2178,425,2021-05-07
5613979,772127,11878,706833,14703,1285,45,2492,426,2021-05-08
5630894,773513,11934,710162,16915,1386,56,3329,427,2021-05-09
5647742,775027,11972,712227,16848,1514,38,2115,428,2021-05-10
5661926,776257,12005,715321,14184,1230,32,3004,429,2021-05-11
5677222,777397,12045,718249,15296,1140,40,2928,430,2021-05-12
5690693,778687,12076,719619,13471,1290,31,1370,431,2021-05-13
5698528,779535,12102,720471,7835,848,26,852,432,2021-05-14
5702286,779796,12124,721435,3758,261,22,964,433,2021-05-15
5707716,780159,12149,722036,5430,363,25,601,434,2021-05-16
5718063,780857,12181,723094,10347,698,32,1058,435,2021-05-17
5724209,782129,12211,724209,16855,1272,30,1115,436,2021-05-18
5755446,783737,12248,726132,20528,1608,37,1923,437,2021-05-19
5774883,785184,12284,727510,19437,1457,36,1378,438,2021-05-20
5793177,786698,12310,729039,18294,1504,26,1529,439,2021-05-21
5805407,787726,12348,729798,12230,1028,38,759,440,2021-05-22
5817612,789080,12376,730697,15205,1354,28,899,441,2021-05-23
5835295,790521,12401,731531,17683,1441,25,834,442,2021-05-24
5854919,792196,12441,732810,16624,1675,40,1279,443,2021-05-25
5871353,793693,12458,733866,16434,1497,17,1056,444,2021-05-26
5887268,794985,12480,735157,15915,1292,22,1291,445,2021-05-27
5901874,796343,12511,736221,14606,1358,31,1064,446,2021-05-28
5915058,797386,12549,737408,13184,1043,38,1187,447,2021-05-29
5929335,798830,12583,738805,14277,1444,34,1397,448,2021-05-30
5947513,800540,12619,740372,18178,1710,36,1567,449,2021-05-31
5965763,802305,12660,742151,18250,1765,41,1779,450,2021-06-01
5986022,804293,12694,744065,20259,1988,34,1914,451,2021-06-02
6002994,805980,12724,746035,16972,1687,30,1970,452,2021-06-03
6021145,807867,12758,747758,18151,1887,34,1723,453,2021-06-04
6034260,809314,12801,749425,13115,1447,43,1667,454,2021-06-05
6049873,810990,12839,751322,15613,1676,38,1897,455,2021-06-06
6067042,812960,12869,753240,17169,1970,30,1918,456,2021-06-07
6086207,815282,12913,755302,19165,2322,44,2062,457,2021-06-08
6106791,817819,12949,757569,20584,2537,36,2267,458,2021-06-09
6126238,820395,12989,759630,19447,2576,40,2061,459,2021-06-10
6144773,822849,13032,761916,18535,2454,43,2286,460,2021-06-11
6156363,824486,13071,764024,11590,1637,39,2108,461,2021-06-12
6175112,826922,13118,766266,18749,2436,47,2242,462,2021-06-13
6195714,829972,13172,768830,20602,3050,54,2564,463,2021-06-14
6218979,833291,13222,771073,23265,3319,50,2243,464,2021-06-15
6242786,837247,13282,773752,23807,3956,60,2679,465,2021-06-16
6267657,841087,13345,776466,24871,3840,63,2714,466,2021-06-17
6288539,844970,13399,778421,20882,3883,54,1955,467,2021-06-18
6305503,848027,13466,780146,16694,3057,67,1725,468,2021-06-19
6327704,851668,13548,782655,22231,3641,82,2509,469,2021-06-20
6351791,856304,13626,785482,24057,4636,78,2827,470,2021-06-21
6376819,861150,13702,788385,25028,4846,76,2903,471,2021-06-22
6405075,866877,13787,791553,28256,5727,85,3168,472,2021-06-23
6435466,872935,13868,794783,30391,6058,81,3230,473,2021-06-24
6463119,878804,13976,797559,27653,5869,108,2776,474,2021-06-25
6482381,883138,14053,800854,19262,4334,77,3295,475,2021-06-26
6506781,888406,14172,804103,24400,5268,119,3295,476,2021-06-27
6541840,896770,14276,807673,35059,8364,104,3570,477,2021-06-28
6573822,904436,14388,811700,31982,7666,112,4027,478,2021-06-29
6608927,913258,14503,815250,35105,8822,115,4550,479,2021-06-30
6640982,921559,14646,820913,32055,8301,143,4663,480,2021-07-01
6670994,930042,14778,825422,30012,8483,132,4509,481,2021-07-02
6693681,936256,14912,829199,22687,6214,134,3777,482,2021-07-03
6723560,944917,15065,833897,29879,8661,153,4698,483,2021-07-04
6757562,954881,15229,839082,34002,9964,164,5185,484,2021-07-05
6794193,966406,15392,844515,36631,11525,163,5433,485,2021-07-06
6829832,977568,15593,850502,35639,11162,201,5987,486,2021-07-07
6866682,989219,15792,856346,36850,11651,199,5844,487,2021-07-08
6903268,1000543,16004,862384,36586,11324,212,6038,488,2021-07-09
6931148,1009315,16189,868139,27884,8772,185,5755,489,2021-07-10
6971167,1021189,16419,874501,40015,11874,230,6362,490,2021-07-11
7015234,1034957,16639,881551,44067,13768,220,7020,491,2021-07-12
7056989,1047155,16842,889167,41755,12198,203,7646,492,2021-07-13
7099479,1059538,17052,897412,42490,12383,210,8245,493,2021-07-14
7144420,1071774,17278,905807,44941,12236,226,8395,494,2021-07-15
7186365,1083922,17465,914343,41945,12148,187,8536,495,2021-07-16
7215581,1092411,17669,923163,29214,8489,204,8820,496,2021-07-17
7255387,1103989,17894,932008,39806,11578,225,8845,497,2021-07-18
7300399,1117310,18125,941343,45012,13321,231,9335,498,2021-07-19
7339909,1128889,18325,951340,39510,11579,200,9997,499,2021-07-20
7364888,1136503,18498,961044,24979,7614,173,9704,500,2021-07-21
7376374,1140200,18685,969610,11486,3697,187,8566,501,2021-07-22
7396867,1146564,18851,978616,20493,6364,166,9006,502,2021-07-23
7417694,1153344,19046,988339,20827,6780,195,9723,503,2021-07-24
7455281,1164635,19274,988923,37587,11291,228,10584,504,2021-07-25
7506233,1179827,19521,1009975,50952,15192,247,11052,505,2021-07-26
7558711,1194752,19779,1022414,52478,14925,258,12439,506,2021-07-27
7612588,1210982,20016,1035884,53877,16230,237,13470,507,2021-07-28
7684870,1226253,20255,1050220,52282,15271,239,14336,508,2021-07-29
7709914,1240115,20467,1064195,45044,13972,212,13975,509,2021-07-30
7740894,1249484,20685,1087212,30980,9369,218,14017,510,2021-07-31
7790423,1264328,20916,1093266,49529,14844,231,15054,511,2021-08-01
7843885,1280317,21162,1108748,53462,15989,246,15482,512,2021-08-02
7899169,1296093,21397,1125045,55284,15776,235,16297,513,2021-08-03
7948863,1309910,21638,1141157,49514,13817,241,16112,514,2021-08-04
7995678,1322654,21902,1156943,46995,12744,264,15786,515,2021-08-05
8043693,1335260,22150,1172437,48015,12606,248,15494,516,2021-08-06
8075407,1343396,22411,1188820,31714,8136,261,16383,517,2021-08-07
8117410,1353695,22652,1205447,42003,10299,241,16627,518,2021-08-08
8164617,1365158,22897,1219859,47207,11463,245,14412,519,2021-08-09
8212041,1376322,23161,1234762,47424,11164,264,14903,520,2021-08-10
8256471,1386742,23313,1248075,44430,10420,237,13313,521,2021-08-11
8301549,1396868,23613,1262065,45087,10126,215,13990,522,2021-08-12
8342190,1405333,23810,1273522,40641,8465,197,11547,523,2021-08-13
8375520,1412218,23988,1281327,33330,6885,178,7805,524,2021-08-14
8408521,1418902,24175,1292698,33001,6684,187,11371,525,2021-08-15
8441536,1425861,24349,1301966,33015,6959,174,9268,526,2021-08-16
8480814,1433396,24547,1314916,39278,7535,198,12950,527,2021-08-17
8521828,1440644,24719,1327028,41014,7248,172,12112,528,2021-08-18
8559054,1447210,24878,1337181,37226,6566,159,10153,529,2021-08-19
8593946,1453203,25023,1347755,34892,5993,145,10574,530,2021-08-20
8617828,1457194,25143,1355421,23882,3991,120,7666,531,2021-08-21
8650517,1461998,25282,1363874,31689,4804,139,8453,532,2021-08-22
8687306,1467715,25399,1372856,36789,5717,117,8982,533,2021-08-23
8721014,1472964,25513,1381783,34708,5249,114,8907,534,2021-08-24
8754654,1477930,25627,1389571,33640,4966,114,7808,535,2021-08-25
8787765,1482628,25729,1397885,33111,4698,102,8314,536,2021-08-26
8815043,1486156,25846,1404370,27578,3525,117,6485,537,2021-08-27
8840172,1489589,25926,1409231,25129,3436,80,4861,538,2021-08-28
8868093,1493537,26015,1415697,27921,3948,89,6466,539,2021-08-29
8898948,1497261,26109,1421883,30855,3724,94,6186,540,2021-08-30
8928345,1500618,26195,1425985,28097,3357,86,3397,541,2021-08-31
8958639,1503680,26274,1431984,30294,3062,79,5999,542,2021-09-01
8991664,1507116,26362,1437885,33025,3463,88,5901,543,2021-09-02
9021102,1510283,26432,1442582,29438,3167,70,4697,544,2021-09-03
9038852,1512026,26493,1446003,17750,1743,61,3421,545,2021-09-04
9064015,1514456,26563,1451063,25163,2430,70,5060,546,2021-09-05
9091610,1517166,26628,1455187,27595,2710,65,4124,547,2021-09-06
9118843,1519805,26684,1460754,27233,2639,56,5567,548,2021-09-07
9146371,1522302,26736,1464594,27528,2497,52,3840,549,2021-09-08
9175912,1524890,26794,1468211,29541,2588,58,3617,550,2021-09-09
9202790,1527215,26832,1472067,26878,2325,38,3856,551,2021-09-10
9221659,1528542,26880,1475235,18869,1327,48,3168,552,2021-09-11
9246733,1530413,26931,1478821,25074,1871,51,3568,553,2021-09-12
9272121,1532366,26972,1482933,25388,1953,41,4112,554,2021-09-13
9303845,1534440,27007,1486668,31724,2074,35,3735,555,2021-09-14
9332460,1536341,27058,1490541,28615,1901,51,3973,556,2021-09-15
9363609,1538203,27109,1494090,31149,1862,51,3589,557,2021-09-16
9393365,1540110,27147,1497009,29756,1907,38,2919,558,2021-09-17
9413033,1541300,27182,1498654,19668,1190,35,1645,559,2021-09-18
9437656,1542683,27225,1501541,24623,1383,43,2887,560,2021-09-19
9465087,1544238,27251,1503106,27431,1555,26,1565,561,2021-09-20
9498414,1545800,27277,1504709,33327,1562,26,1603,562,2021-09-21
9527150,1547176,27313,1506136,28736,1376,36,1427,563,2021-09-22
9551970,1548320,27337,1507789,24820,1144,24,1653,564,2021-09-23
9579111,1549553,27368,1509202,27141,1233,31,1413,565,2021-09-24
9596929,1550371,27393,1510167,17818,818,25,965,566,2021-09-25
9619150,1551351,27414,1511479,22221,980,21,1312,567,2021-09-26
9646937,1552563,27439,1512681,27787,1212,25,1202,568,2021-09-27
9676123,1553873,27470,1513876,29186,1310,31,1195,569,2021-09-28
9704722,1555051,27487,1514962,28599,1178,17,1086,570,2021-09-29
9731291,1555911,27510,1515941,26569,860,23,979,571,2021-09-30
9755961,1556758,27531,1516901,24670,847,21,960,572,2021-10-01
9773244,1557347,27555,1517642,17283,589,24,741,573,2021-10-02
9774490,1557964,27573,1518754,21246,617,18,1012,574,2021-10-03
9799418,1558758,27591,1519588,24928,794,18,814,575,2021-10-04
9824917,1559452,27614,1520296,25499,694,23,708,576,2021-10-05
9869293,1560155,27635,1521113,24376,703,21,817,577,2021-10-06
9891614,1560818,27647,1521777,22231,663,12,664,578,2021-10-07
9914916,1561463,27654,1522591,23302,645,7,814,579,2021-10-08
9931841,1561878,27674,1523134,16925,415,20,543,580,2021-10-09
9931841,1562840,27688,1523833,20355,481,19,699,581,2021-10-10
9975389,1562958,27699,1524467,23193,599,11,634,582,2021-10-11
9998544,1563501,27713,1525168,23155,543,14,701,583,2021-10-12
10020697,1564019,27730,1525673,22153,518,17,505,584,2021-10-13
10042265,1564485,27737,1526368,21568,466,7,650,585,2021-10-14
